# ************************************************************
# Sequel Pro SQL dump
# Version 4096
#
# http://www.sequelpro.com/
# http://code.google.com/p/sequel-pro/
#
# Host: 127.0.0.1 (MySQL 5.7.21)
# Database: miao
# Generation Time: 2018-04-27 08:51:01 +0000
# ************************************************************


/*!40101 SET @OLD_CHARACTER_SET_CLIENT=@@CHARACTER_SET_CLIENT */;
/*!40101 SET @OLD_CHARACTER_SET_RESULTS=@@CHARACTER_SET_RESULTS */;
/*!40101 SET @OLD_COLLATION_CONNECTION=@@COLLATION_CONNECTION */;
/*!40101 SET NAMES utf8 */;
/*!40014 SET @OLD_FOREIGN_KEY_CHECKS=@@FOREIGN_KEY_CHECKS, FOREIGN_KEY_CHECKS=0 */;
/*!40101 SET @OLD_SQL_MODE=@@SQL_MODE, SQL_MODE='NO_AUTO_VALUE_ON_ZERO' */;
/*!40111 SET @OLD_SQL_NOTES=@@SQL_NOTES, SQL_NOTES=0 */;


# Dump of table Accesses
# ------------------------------------------------------------

DROP TABLE IF EXISTS `Accesses`;

CREATE TABLE `Accesses` (
  `id` int(11) NOT NULL AUTO_INCREMENT,
  `token` varchar(255) DEFAULT NULL,
  `token_expires_at` datetime DEFAULT NULL,
  `scope` varchar(255) DEFAULT NULL,
  `client_id` int(11) DEFAULT NULL,
  `user_id` int(11) DEFAULT NULL,
  `createdAt` datetime NOT NULL,
  `updatedAt` datetime NOT NULL,
  PRIMARY KEY (`id`)
) ENGINE=InnoDB DEFAULT CHARSET=utf8;

LOCK TABLES `Accesses` WRITE;
/*!40000 ALTER TABLE `Accesses` DISABLE KEYS */;

INSERT INTO `Accesses` (`id`, `token`, `token_expires_at`, `scope`, `client_id`, `user_id`, `createdAt`, `updatedAt`)
VALUES
	(1,'6dcec4f29d018bb71f3e3bd295be93d2dcb70c91','2018-03-01 11:18:38','r_user',1,43,'2018-03-01 10:18:38','2018-03-01 10:18:38'),
	(2,'171f0da28dc911cff03b7f25c0c0511173f7c55f','2018-03-01 11:22:42','r_user',1,43,'2018-03-01 10:22:42','2018-03-01 10:22:42'),
	(3,'09f9197af665d97fe34c1c9ec5853d2f11ea97b0','2018-03-01 11:23:39','r_user',1,43,'2018-03-01 10:23:39','2018-03-01 10:23:39'),
	(4,'56b7c3fe3810ce2fe2c9ad795da4251c1e5d7e12','2018-03-01 11:31:33','r_user',1,43,'2018-03-01 10:31:33','2018-03-01 10:31:33'),
	(5,'57611564190e48334bf24cea7edb0216d42c9f57','2018-03-02 04:07:36','r_user',1,43,'2018-03-02 03:07:36','2018-03-02 03:07:36'),
	(6,'284a07526d21b9cefa2020d595a0cbdaf6b19203','2018-03-02 04:09:10','r_user',1,43,'2018-03-02 03:09:10','2018-03-02 03:09:10'),
	(7,'6095bb3484d777336baa68ee0f1c6e97fe859864','2018-03-02 04:10:09','r_user',1,43,'2018-03-02 03:10:09','2018-03-02 03:10:09'),
	(8,'03ded2dc109d96e4a3fdb064816925b0231b6e47','2018-03-02 04:10:30','r_user',1,43,'2018-03-02 03:10:30','2018-03-02 03:10:30'),
	(9,'faeabf5ad8f036ef98fd6918b29c11e5fa769c21','2018-03-02 04:11:04','r_user',1,43,'2018-03-02 03:11:04','2018-03-02 03:11:04'),
	(10,'5dbfb1dde1d4e31d615650a9576bca59f5880b33','2018-03-02 04:11:36','r_user',1,43,'2018-03-02 03:11:36','2018-03-02 03:11:36'),
	(11,'99c1dd44b4e7669bbe34c9150396c88bb40ce110','2018-03-02 04:11:50','r_user',1,43,'2018-03-02 03:11:50','2018-03-02 03:11:50'),
	(12,'79ee5d7df801d4a9b341de15c673691e179a2455','2018-03-02 04:20:52','r_user',1,43,'2018-03-02 03:20:52','2018-03-02 03:20:52'),
	(13,'d3a32f7192799b39f946ed6c14fcf0d6e6140751','2018-03-02 04:21:05','r_user',1,43,'2018-03-02 03:21:05','2018-03-02 03:21:05'),
	(14,'885abe4cffab95cdc5b921f7a5874806bd2dfc90','2018-03-02 04:21:09','r_user',1,43,'2018-03-02 03:21:09','2018-03-02 03:21:09'),
	(15,'220c938fe9e136960e96f2e355075265806ac86f','2018-03-02 04:23:22','r_user',1,43,'2018-03-02 03:23:22','2018-03-02 03:23:22'),
	(16,'f5c494f2b9b8edf817e8981daa98b449e81d6af5','2018-03-02 04:23:24','r_user',1,43,'2018-03-02 03:23:24','2018-03-02 03:23:24'),
	(17,'4db99141b812d5537aeb256ffd11bbecd67ec5ea','2018-03-02 04:23:33','r_user',1,43,'2018-03-02 03:23:33','2018-03-02 03:23:33'),
	(18,'17e68bfd0ae79cf2c5b26ea906077efe8a8f4929','2018-03-02 04:25:33','r_user',1,43,'2018-03-02 03:25:33','2018-03-02 03:25:33'),
	(19,'a8f3a4cb9538279d0f0631b67cc3b2b24c002e36','2018-03-02 04:32:11','r_user',1,43,'2018-03-02 03:32:11','2018-03-02 03:32:11'),
	(20,'64d508223bb518d085886ff45eb0a4a120013ef7','2018-03-02 04:33:03','r_user',1,43,'2018-03-02 03:33:03','2018-03-02 03:33:03'),
	(21,'ffca75e0423047d92420a0e6f664525311f9acff','2018-03-02 05:01:08','r_user',1,43,'2018-03-02 04:01:08','2018-03-02 04:01:08'),
	(22,NULL,NULL,NULL,NULL,NULL,'2018-03-18 09:12:23','2018-03-18 09:12:23'),
	(23,NULL,NULL,NULL,NULL,NULL,'2018-03-18 09:12:28','2018-03-18 09:12:28'),
	(24,NULL,NULL,NULL,NULL,NULL,'2018-03-18 09:12:53','2018-03-18 09:12:53'),
	(25,NULL,NULL,NULL,NULL,NULL,'2018-03-18 09:14:28','2018-03-18 09:14:28'),
	(26,NULL,NULL,NULL,NULL,NULL,'2018-03-18 09:14:34','2018-03-18 09:14:34'),
	(27,NULL,NULL,NULL,NULL,NULL,'2018-03-18 09:17:28','2018-03-18 09:17:28'),
	(28,NULL,NULL,NULL,NULL,NULL,'2018-03-18 09:17:48','2018-03-18 09:17:48'),
	(29,NULL,NULL,NULL,NULL,NULL,'2018-03-18 09:18:17','2018-03-18 09:18:17'),
	(30,NULL,NULL,NULL,NULL,NULL,'2018-03-18 09:19:22','2018-03-18 09:19:22'),
	(32,'','2018-03-01 00:00:00','123',1,1,'2018-03-06 00:00:00','2018-03-18 09:30:19'),
	(43,'1','2018-03-10 00:00:00','13',1,1,'2018-03-06 00:00:00','2018-03-18 09:52:16'),
	(44,'1','2018-03-18 00:00:00','12',1,1,'2018-03-18 09:54:46','2018-03-18 09:54:46'),
	(45,'123','2018-03-18 00:00:00','1',1,1,'2018-03-18 00:00:00','2018-03-18 09:53:30'),
	(99,'1','2018-03-01 00:00:00','1',3,2,'2018-03-18 09:37:00','2018-03-18 09:37:00'),
	(123,'123','2018-03-01 00:00:00','123',1,1,'2018-03-06 00:00:00','2018-03-18 09:29:06'),
	(787,'1','2018-02-28 00:00:00','1',2,1,'2018-03-08 00:00:00','2018-03-18 09:51:19');

/*!40000 ALTER TABLE `Accesses` ENABLE KEYS */;
UNLOCK TABLES;


# Dump of table authorizations
# ------------------------------------------------------------

DROP TABLE IF EXISTS `authorizations`;

CREATE TABLE `authorizations` (
  `id` int(11) NOT NULL AUTO_INCREMENT,
  `code` varchar(255) DEFAULT NULL,
  `expires_at` datetime DEFAULT NULL,
  `redirect_uri` varchar(255) DEFAULT NULL,
  `scope` varchar(255) DEFAULT NULL,
  `client_id` varchar(255) DEFAULT NULL,
  `user_id` int(11) DEFAULT NULL,
  `createdAt` datetime NOT NULL,
  `updatedAt` datetime NOT NULL,
  PRIMARY KEY (`id`)
) ENGINE=InnoDB DEFAULT CHARSET=utf8;

LOCK TABLES `authorizations` WRITE;
/*!40000 ALTER TABLE `authorizations` DISABLE KEYS */;

INSERT INTO `authorizations` (`id`, `code`, `expires_at`, `redirect_uri`, `scope`, `client_id`, `user_id`, `createdAt`, `updatedAt`)
VALUES
	(5,'9a1778ea86422d1f5dc4d91a5ba772dd5a165b55','2018-03-01 09:59:17','http://127.0.0.1:7002/auth/redirect','read:user','1',47,'2018-03-01 09:54:17','2018-03-20 11:04:56'),
	(6,'67b3add39c3dc76f757745b3499c52bcb96efa42','2018-03-01 10:00:04','http://127.0.0.1:7002/auth/redirect','read:user','1',43,'2018-03-01 09:55:04','2018-03-01 09:55:04'),
	(7,'d5da0c8ee38775ad0d6c0dbe9384051d1aca9cc3','2018-03-01 10:00:50','http://127.0.0.1:7002/auth/redirect','read:user','1',43,'2018-03-01 09:55:50','2018-03-01 09:55:50'),
	(8,'0848e21c7737f1fe7f5cd8748833a8f45c4c68b7','2018-03-01 10:03:10','http://127.0.0.1:7002/auth/redirect','read:user','1',43,'2018-03-01 09:58:11','2018-03-01 09:58:11'),
	(9,'61a5cf8f4438700a20dbfd34507d5c81076b617d','2018-03-01 10:06:33','http://127.0.0.1:7002/auth/redirect','read:user','1',43,'2018-03-01 10:01:33','2018-03-01 10:01:33'),
	(10,'d3913c452d2817fab8df7926cb57fc39fbcc9b79','2018-03-01 10:07:47','http://127.0.0.1:7002/auth/redirect',NULL,'1',43,'2018-03-01 10:02:47','2018-03-01 10:02:47'),
	(11,'9421a48d0576d5c946e2933705b4169e667d0c99','2018-03-01 10:10:06','http://127.0.0.1:7002/auth/redirect','read:user','1',43,'2018-03-01 10:05:06','2018-03-01 10:05:06'),
	(12,'585fdf89dec44c940cc56be4adda8b9d0556029c','2018-03-01 10:11:16','http://127.0.0.1:7002/auth/redirect','read:user','1',43,'2018-03-01 10:06:16','2018-03-01 10:06:16'),
	(13,'a35122d9ee72aaf243f83f408029aeccc5347956','2018-03-01 10:11:56','http://127.0.0.1:7002/auth/redirect',NULL,'1',43,'2018-03-01 10:06:57','2018-03-01 10:06:57'),
	(14,'25ffb9188555ac192a4ee934012c0c7976727d27','2018-03-01 10:12:40','http://127.0.0.1:7002/auth/redirect',NULL,'1',43,'2018-03-01 10:07:40','2018-03-01 10:07:40'),
	(15,'7b98f3b6a0c55760a001c29cd2222d0521dae563','2018-03-01 10:13:20','http://127.0.0.1:7002/auth/redirect','read:user','1',43,'2018-03-01 10:08:20','2018-03-01 10:08:20'),
	(16,'e556f2263f91eb597e732aa66ee491911e4895ad','2018-03-01 10:17:03','http://127.0.0.1:7002/auth/redirect','read:user','1',43,'2018-03-01 10:12:03','2018-03-01 10:12:03'),
	(17,'06a4704fce6161c0a93207c0d5f7038c17919bfa','2018-03-01 10:19:11','http://127.0.0.1:7002/auth/redirect',NULL,'1',43,'2018-03-01 10:14:11','2018-03-01 10:14:11'),
	(18,'f88658bc1bca07a78c96789607a896d3a69c8c12','2018-03-01 10:21:41','http://127.0.0.1:7002/auth/redirect',NULL,'1',43,'2018-03-01 10:16:41','2018-03-01 10:16:41'),
	(19,'75255e28f8cae8bd60c5acc0c28b637ddd46991b','2018-03-01 10:23:14','http://127.0.0.1:7002/auth/redirect',NULL,'1',43,'2018-03-01 10:18:14','2018-03-01 10:18:14'),
	(20,'3601fa0acdd40d919cb982240aec1b38abc008c6','2018-03-01 10:23:37','http://127.0.0.1:7002/auth/redirect',NULL,'1',43,'2018-03-01 10:18:38','2018-03-01 10:18:38'),
	(21,'a8024abfc854c3d0c31e004f9e8f6277b8fe71c2','2018-03-01 10:25:25','http://127.0.0.1:7002/auth/redirect','r_user','1',43,'2018-03-01 10:20:25','2018-03-01 10:20:25'),
	(22,'a166276d75ef5df4cae1db221ef56200c8746d94','2018-03-01 10:26:53','http://127.0.0.1:7002/auth/redirect','r_user','1',43,'2018-03-01 10:21:53','2018-03-01 10:21:53'),
	(23,'fdcf36ad367f175a84605fa035693647317ddd87','2018-03-01 10:27:09','http://127.0.0.1:7002/auth/redirect','r_user','1',43,'2018-03-01 10:22:09','2018-03-01 10:22:09'),
	(24,'36e8c89c5ad8043e1c987002127d99cf25f9abaa','2018-03-01 10:27:42','http://127.0.0.1:7002/auth/redirect','r_user','1',43,'2018-03-01 10:22:42','2018-03-01 10:22:42'),
	(26,'40c0e65b9d0137fe4cefd0729f02f5216e11237a','2018-03-01 10:36:32','http://127.0.0.1:7002/auth/redirect','r_user','1',43,'2018-03-01 10:31:32','2018-03-01 10:31:32'),
	(27,'036f7f8cd48709d6774794855dc0d28ba66463f0','2018-03-02 03:10:30','http://127.0.0.1:7002/auth/redirect',NULL,'1',43,'2018-03-02 03:05:30','2018-03-02 03:05:30'),
	(28,'b0d9599d9c33ec26f2813d3b3c3988abb37e565d','2018-03-02 03:14:10','http://127.0.0.1:7002/auth/redirect',NULL,'1',43,'2018-03-02 03:09:10','2018-03-02 03:09:10'),
	(29,'e00105eba5f88576a67bc11b150241d1c0dd3bf7','2018-03-02 03:15:08','http://127.0.0.1:7002/auth/redirect',NULL,'1',43,'2018-03-02 03:10:09','2018-03-02 03:10:09'),
	(30,'358f8ea738bf31de6ea83783fa9d12858543ce04','2018-03-02 03:25:51','http://127.0.0.1:7002/auth/redirect',NULL,'1',43,'2018-03-02 03:20:52','2018-03-02 03:20:52'),
	(44,'123123','2018-03-18 00:00:00','123','132','1',1,'2018-03-18 00:00:00','2018-03-18 10:04:07'),
	(123,'11','2018-03-18 00:00:00','1','1','1',1,'2018-03-18 00:00:00','2018-03-18 10:05:32'),
	(409,'1','2018-03-18 00:00:00','1','1','1',1,'2018-03-18 10:21:49','2018-03-18 10:21:49');

/*!40000 ALTER TABLE `authorizations` ENABLE KEYS */;
UNLOCK TABLES;


# Dump of table auths
# ------------------------------------------------------------

DROP TABLE IF EXISTS `auths`;

CREATE TABLE `auths` (
  `id` int(11) NOT NULL AUTO_INCREMENT,
  `provider` varchar(255) DEFAULT NULL,
  `uid` varchar(255) DEFAULT NULL,
  `user_id` int(11) DEFAULT NULL,
  PRIMARY KEY (`id`)
) ENGINE=InnoDB DEFAULT CHARSET=utf8;

LOCK TABLES `auths` WRITE;
/*!40000 ALTER TABLE `auths` DISABLE KEYS */;

INSERT INTO `auths` (`id`, `provider`, `uid`, `user_id`)
VALUES
	(1,'github','10082395',46);

/*!40000 ALTER TABLE `auths` ENABLE KEYS */;
UNLOCK TABLES;


# Dump of table Categories
# ------------------------------------------------------------

DROP TABLE IF EXISTS `Categories`;

CREATE TABLE `Categories` (
  `id` int(11) NOT NULL AUTO_INCREMENT,
  `name` varchar(20) DEFAULT NULL,
  `created_at` datetime NOT NULL,
  `updated_at` datetime NOT NULL,
  PRIMARY KEY (`id`)
) ENGINE=InnoDB DEFAULT CHARSET=utf8;



# Dump of table Clients
# ------------------------------------------------------------

DROP TABLE IF EXISTS `Clients`;

CREATE TABLE `Clients` (
  `id` int(11) NOT NULL AUTO_INCREMENT,
  `client_id` int(11) DEFAULT NULL,
  `user_id` int(11) DEFAULT NULL,
  `client_secret` varchar(255) DEFAULT NULL,
  `redirect_uris` varchar(255) DEFAULT NULL,
  `grants` varchar(255) DEFAULT NULL,
  `createdAt` datetime NOT NULL,
  `updatedAt` datetime NOT NULL,
  PRIMARY KEY (`id`),
  UNIQUE KEY `client_id` (`client_id`)
) ENGINE=InnoDB DEFAULT CHARSET=utf8;

LOCK TABLES `Clients` WRITE;
/*!40000 ALTER TABLE `Clients` DISABLE KEYS */;

INSERT INTO `Clients` (`id`, `client_id`, `user_id`, `client_secret`, `redirect_uris`, `grants`, `createdAt`, `updatedAt`)
VALUES
	(1,1,43,'3333','http://127.0.0.1:7002/auth/redirect','password,authorization_code,refresh_token','2018-03-01 17:07:41','2018-03-01 17:07:04');

/*!40000 ALTER TABLE `Clients` ENABLE KEYS */;
UNLOCK TABLES;


# Dump of table FMs
# ------------------------------------------------------------

DROP TABLE IF EXISTS `FMs`;

CREATE TABLE `FMs` (
  `id` int(11) NOT NULL AUTO_INCREMENT,
  `title` varchar(40) DEFAULT NULL,
  `image_url` varchar(20) DEFAULT NULL,
  `audio_url` varchar(20) DEFAULT NULL,
  `content` text,
  `description` varchar(255) DEFAULT NULL,
  `created_at` datetime NOT NULL,
  `updated_at` datetime NOT NULL,
  PRIMARY KEY (`id`)
) ENGINE=InnoDB DEFAULT CHARSET=utf8;



# Dump of table ImageComments
# ------------------------------------------------------------

DROP TABLE IF EXISTS `ImageComments`;

CREATE TABLE `ImageComments` (
  `id` int(11) NOT NULL AUTO_INCREMENT,
  `image_id` int(11) DEFAULT NULL,
  `content` varchar(255) DEFAULT NULL,
  `parent_id` int(11) DEFAULT NULL,
  `user_id` int(11) DEFAULT NULL,
  `created_at` datetime NOT NULL,
  `updated_at` datetime NOT NULL,
  PRIMARY KEY (`id`)
) ENGINE=InnoDB DEFAULT CHARSET=utf8;

LOCK TABLES `ImageComments` WRITE;
/*!40000 ALTER TABLE `ImageComments` DISABLE KEYS */;

INSERT INTO `ImageComments` (`id`, `image_id`, `content`, `parent_id`, `user_id`, `created_at`, `updated_at`)
VALUES
	(1,1,'cool!',NULL,1,'2018-02-25 06:40:39','2018-02-25 06:40:39'),
	(2,1,'cool!',NULL,1,'2018-02-25 06:40:50','2018-02-25 06:40:50'),
	(3,1,'cool!',NULL,1,'2018-02-25 06:50:40','2018-02-25 06:50:40'),
	(11,4,'123',NULL,52,'2018-04-14 05:17:31','2018-04-14 05:17:31'),
	(14,NULL,NULL,NULL,52,'2018-04-14 05:40:12','2018-04-14 05:40:12'),
	(15,NULL,'<p>222</p>',NULL,52,'2018-04-14 05:40:26','2018-04-14 05:40:26'),
	(16,NULL,'<p>@Bob 你好呀~</p><p><br></p>',NULL,52,'2018-04-14 05:42:04','2018-04-14 05:42:04'),
	(17,NULL,'<p>@Bob  你好~</p><p><br></p><p><br></p>',NULL,52,'2018-04-14 05:43:20','2018-04-14 05:43:20'),
	(18,NULL,'<p>123</p>',5,52,'2018-04-14 05:50:39','2018-04-14 05:50:39'),
	(19,5,'<p>333</p>',NULL,52,'2018-04-14 05:51:39','2018-04-14 05:51:39'),
	(20,5,'<p>12345</p>',NULL,52,'2018-04-14 05:52:20','2018-04-14 05:52:20'),
	(21,5,'<p>12345</p>',NULL,52,'2018-04-14 05:52:31','2018-04-14 05:52:31'),
	(22,5,'<p>2222</p>',NULL,52,'2018-04-14 05:54:16','2018-04-14 05:54:16'),
	(23,5,'<p>3333</p>',NULL,52,'2018-04-14 05:54:51','2018-04-14 05:54:51'),
	(24,5,'<p>222</p>',NULL,52,'2018-04-14 05:55:21','2018-04-14 05:55:21'),
	(25,5,'<p>12333333</p>',NULL,52,'2018-04-14 05:57:27','2018-04-14 05:57:27'),
	(26,5,'<p>1231232222</p>',NULL,52,'2018-04-14 05:59:17','2018-04-14 05:59:17'),
	(27,5,'<p>1233</p>',NULL,52,'2018-04-14 05:59:51','2018-04-14 05:59:51'),
	(28,1,'<p>帅</p>',NULL,52,'2018-04-14 06:30:12','2018-04-14 06:30:12'),
	(29,1,'<p>123</p>',NULL,52,'2018-04-14 06:31:56','2018-04-14 06:31:56'),
	(30,1,'<p>333</p>',NULL,52,'2018-04-14 06:32:45','2018-04-14 06:32:45'),
	(31,1,'<p>333</p>',NULL,52,'2018-04-14 06:40:07','2018-04-14 06:40:07'),
	(32,1,'<p>@yugo 你好~</p>',NULL,52,'2018-04-15 00:54:09','2018-04-15 00:54:09');

/*!40000 ALTER TABLE `ImageComments` ENABLE KEYS */;
UNLOCK TABLES;


# Dump of table Images
# ------------------------------------------------------------

DROP TABLE IF EXISTS `Images`;

CREATE TABLE `Images` (
  `id` int(11) NOT NULL AUTO_INCREMENT,
  `title` varchar(40) DEFAULT NULL,
  `description` varchar(255) DEFAULT NULL,
  `view` int(11) DEFAULT NULL,
  `main_url` varchar(255) DEFAULT NULL,
  `list_url` varchar(255) DEFAULT NULL,
  `user_id` int(11) DEFAULT NULL,
  `created_at` datetime NOT NULL,
  `updated_at` datetime NOT NULL,
  PRIMARY KEY (`id`)
) ENGINE=InnoDB DEFAULT CHARSET=utf8;

LOCK TABLES `Images` WRITE;
/*!40000 ALTER TABLE `Images` DISABLE KEYS */;

INSERT INTO `Images` (`id`, `title`, `description`, `view`, `main_url`, `list_url`, `user_id`, `created_at`, `updated_at`)
VALUES
	(1,'加载页','12313',2,'10010677','10048468,10048468,10350304',1,'2018-02-27 06:15:35','2018-03-20 11:05:39'),
	(4,'小青新的 Email','12313',2,'10048468','10048468,10048468,10350304',1,'2018-02-27 06:15:36','2018-02-27 06:20:26'),
	(5,'手机播放器','12313',2,'10668546','10048468,10048468,10350304',1,'2018-02-27 07:36:31','2018-02-27 07:36:31'),
	(6,'Other','12313',2,'11053654','10048468,10048468,10350304',1,'2018-02-27 07:37:22','2018-02-27 07:37:22'),
	(7,'手机播放器','12313',2,'11573804','10048468,10048468,10350304',1,'2018-02-27 07:37:34','2018-02-27 07:37:34'),
	(8,'手机播放器','12313',2,'11573804','10048468,10048468,10350304',1,'2018-02-27 07:37:52','2018-02-27 07:37:52'),
	(9,'手机播放器','12313',2,'11573804','10048468,10048468,10350304',1,'2018-02-27 08:16:18','2018-02-27 08:16:18'),
	(55,'手机播放器','',1,'11573804','10048468,10048468,10350304',1,'2018-03-20 11:11:07','2018-03-20 11:11:07'),
	(444,'手机播放器','',1,'10668546','10048468,10048468,10350304',1,'2018-03-20 11:05:55','2018-03-20 11:05:55'),
	(445,'手机播放器','',1,'10010677','10048468,10048468,10350304',1,'2018-03-20 11:05:55','2018-03-20 11:05:55'),
	(446,'手机播放器','',1,'10010677','10048468,10048468,10350304',1,'2018-03-20 11:05:55','2018-03-20 11:05:55'),
	(447,'手机播放器','',1,'10010677','10048468,10048468,10350304',1,'2018-03-20 11:05:55','2018-03-20 11:05:55'),
	(448,'手机播放器','',1,'10010677','10048468,10048468,10350304',1,'2018-03-20 11:05:55','2018-03-20 11:05:55'),
	(449,'手机播放器','',1,'10010677','10048468,10048468,10350304',1,'2018-03-20 11:05:55','2018-03-20 11:05:55'),
	(450,'手机播放器','',1,'10010677','10048468,10048468,10350304',1,'2018-03-20 11:05:55','2018-03-20 11:05:55'),
	(451,'手机播放器','',1,'10010677','10048468,10048468,10350304',1,'2018-03-20 11:05:55','2018-03-20 11:05:55'),
	(452,'手机播放器','',1,'10010677','10048468,10048468,10350304',1,'2018-03-20 11:05:55','2018-03-20 11:05:55'),
	(453,'手机播放器','',1,'10010677','10048468,10048468,10350304',1,'2018-03-20 11:05:55','2018-03-20 11:05:55'),
	(454,'手机播放器','',1,'10010677','10048468,10048468,10350304',1,'2018-03-20 11:05:55','2018-03-20 11:05:55'),
	(455,'手机播放器','',1,'10010677','10048468,10048468,10350304',1,'2018-03-20 11:05:55','2018-03-20 11:05:55'),
	(456,'手机播放器','',1,'10010677','10048468,10048468,10350304',1,'2018-03-20 11:05:55','2018-03-20 11:05:55'),
	(457,'手机播放器','',1,'10010677','10048468,10048468,10350304',52,'2018-03-20 11:05:55','2018-03-20 11:05:55'),
	(458,'手机播放器','',1,'10010677','10048468,10048468,10350304',52,'2018-03-20 11:05:55','2018-03-20 11:05:55'),
	(459,'手机播放器','',1,'10010677','10048468,10048468,10350304',52,'2018-03-20 11:05:55','2018-03-20 11:05:55'),
	(460,'手机播放器','',1,'10010677','10048468,10048468,10350304',52,'2018-03-20 11:05:55','2018-03-20 11:05:55'),
	(461,'手机播放器','',1,'10010677','10048468,10048468,10350304',52,'2018-03-20 11:05:55','2018-03-20 11:05:55'),
	(462,'手机播放器','',1,'10010677','10048468,10048468,10350304',52,'2018-03-20 11:05:55','2018-03-20 11:05:55'),
	(463,'手机播放器','',1,'10010677','10048468,10048468,10350304',52,'2018-03-20 11:05:55','2018-03-20 11:05:55'),
	(464,'手机播放器','',1,'10010677','10048468,10048468,10350304',1,'2018-03-20 11:05:55','2018-03-20 11:05:55'),
	(465,'手机播放器','',1,'10010677','10048468,10048468,10350304',1,'2018-03-20 11:05:55','2018-03-20 11:05:55'),
	(466,'手机播放器','',1,'10010677','10048468,10048468,10350304',1,'2018-03-20 11:05:55','2018-03-20 11:05:55'),
	(467,'手机播放器','',1,'10010677','10048468,10048468,10350304',1,'2018-03-20 11:05:55','2018-03-20 11:05:55'),
	(468,'手机播放器','',1,'10010677','10048468,10048468,10350304',1,'2018-03-20 11:05:55','2018-03-20 11:05:55'),
	(469,'手机播放器','',1,'10010677','10048468,10048468,10350304',1,'2018-03-20 11:05:55','2018-03-20 11:05:55'),
	(470,'手机播放器','',1,'10010677','10048468,10048468,10350304',1,'2018-03-20 11:05:55','2018-03-20 11:05:55'),
	(471,'手机播放器','',1,'10010677','10048468,10048468,10350304',1,'2018-03-20 11:05:55','2018-03-20 11:05:55'),
	(472,'手机播放器','',1,'10010677','10048468,10048468,10350304',1,'2018-03-20 11:05:55','2018-03-20 11:05:55'),
	(473,'手机播放器','',1,'10010677','10048468,10048468,10350304',1,'2018-03-20 11:05:55','2018-03-20 11:05:55'),
	(474,'手机播放器','',1,'10010677','10048468,10048468,10350304',1,'2018-03-20 11:05:55','2018-03-20 11:05:55'),
	(475,'手机播放器','',1,'10010677','10048468,10048468,10350304',1,'2018-03-20 11:05:55','2018-03-20 11:05:55'),
	(476,'手机播放器','',1,'10010677','10048468,10048468,10350304',1,'2018-03-20 11:05:55','2018-03-20 11:05:55'),
	(477,'手机播放器','',1,'10010677','10048468,10048468,10350304',1,'2018-03-20 11:05:55','2018-03-20 11:05:55'),
	(478,'手机播放器','',1,'10010677','10048468,10048468,10350304',1,'2018-03-20 11:05:55','2018-03-20 11:05:55'),
	(479,'手机播放器','',1,'10010677','10048468,10048468,10350304',1,'2018-03-20 11:05:55','2018-03-20 11:05:55'),
	(480,'手机播放器','',1,'10010677','10048468,10048468,10350304',1,'2018-03-20 11:05:55','2018-03-20 11:05:55'),
	(481,'123','123',NULL,'vlcsnap-2016-06-09-09h27m16s894.png','vlcsnap-2016-06-09-09h27m16s894.png',52,'2018-04-17 10:18:54','2018-04-17 10:18:54'),
	(482,'123','123',NULL,'vlcsnap-2016-06-09-09h27m16s894.png','vlcsnap-2016-06-09-09h27m16s894.png',52,'2018-04-18 06:04:15','2018-04-18 06:04:15');

/*!40000 ALTER TABLE `Images` ENABLE KEYS */;
UNLOCK TABLES;


# Dump of table Invitations
# ------------------------------------------------------------

DROP TABLE IF EXISTS `Invitations`;

CREATE TABLE `Invitations` (
  `id` int(11) NOT NULL AUTO_INCREMENT,
  `code` varchar(8) DEFAULT NULL,
  `user_id` int(11) DEFAULT NULL,
  `use_user_id` int(11) DEFAULT NULL,
  `use_username` varchar(40) DEFAULT NULL,
  `created_at` datetime NOT NULL,
  `updated_at` datetime NOT NULL,
  PRIMARY KEY (`id`)
) ENGINE=InnoDB DEFAULT CHARSET=utf8;

LOCK TABLES `Invitations` WRITE;
/*!40000 ALTER TABLE `Invitations` DISABLE KEYS */;

INSERT INTO `Invitations` (`id`, `code`, `user_id`, `use_user_id`, `use_username`, `created_at`, `updated_at`)
VALUES
	(1,'123456',NULL,30,'bob','2018-02-18 16:23:28','2018-02-20 06:10:13'),
	(67,'b6ef0c80',30,NULL,NULL,'2018-02-20 06:10:13','2018-02-20 06:10:13'),
	(68,'b6ef3390',30,NULL,NULL,'2018-02-20 06:10:13','2018-02-20 06:10:13'),
	(69,'b6ef3391',30,NULL,NULL,'2018-02-20 06:10:13','2018-02-20 06:10:13'),
	(70,'b6ef3392',30,31,'yugo','2018-02-20 06:10:13','2018-02-24 07:00:09'),
	(71,'b6ef5aa0',30,NULL,NULL,'2018-02-20 06:10:13','2018-02-20 06:10:13'),
	(72,'59da3f40',31,NULL,NULL,'2018-02-24 07:00:09','2018-02-24 07:00:09'),
	(73,'59da6650',31,32,'yugo','2018-02-24 07:00:09','2018-02-24 07:07:59'),
	(74,'59da8d60',31,NULL,NULL,'2018-02-24 07:00:09','2018-02-24 07:00:09'),
	(75,'59dab470',31,33,'yugo','2018-02-24 07:00:09','2018-02-24 07:10:35'),
	(76,'59dab471',31,NULL,NULL,'2018-02-24 07:00:09','2018-02-24 07:00:09'),
	(77,'72808f80',32,45,'yugo','2018-02-24 07:07:59','2018-03-01 09:45:45'),
	(78,'7280b690',32,40,'yugo','2018-02-24 07:07:59','2018-02-24 07:27:46'),
	(79,'7280b691',32,NULL,NULL,'2018-02-24 07:07:59','2018-02-24 07:07:59'),
	(80,'7280b692',32,34,'yugo','2018-02-24 07:07:59','2018-02-24 07:14:02'),
	(81,'7280dda0',32,42,'yugo','2018-02-24 07:07:59','2018-02-24 07:31:55'),
	(82,'cf6ed800',33,38,'yugo','2018-02-24 07:10:35','2018-02-24 07:23:36'),
	(83,'cf6eff10',33,NULL,NULL,'2018-02-24 07:10:35','2018-02-24 07:10:35'),
	(84,'cf6f2620',33,43,'yugo','2018-02-24 07:10:35','2018-02-24 08:47:58'),
	(85,'cf6eff11',33,NULL,NULL,'2018-02-24 07:10:35','2018-02-24 07:10:35'),
	(86,'cf6f2621',33,37,'yugo','2018-02-24 07:10:35','2018-02-24 07:21:31'),
	(87,'4a651d80',34,NULL,NULL,'2018-02-24 07:14:02','2018-02-24 07:14:02'),
	(88,'4a654490',34,39,'yugo','2018-02-24 07:14:02','2018-02-24 07:25:14'),
	(89,'4a656ba1',34,NULL,NULL,'2018-02-24 07:14:02','2018-02-24 07:14:02'),
	(90,'4a6592b0',34,36,'yugo','2018-02-24 07:14:02','2018-02-24 07:18:50'),
	(91,'4a656ba0',34,35,'yugo','2018-02-24 07:14:02','2018-02-24 07:15:55'),
	(92,'8e2ad0f0',35,NULL,NULL,'2018-02-24 07:15:55','2018-02-24 07:15:55'),
	(93,'8e2af800',35,41,'yugo','2018-02-24 07:15:55','2018-02-24 07:29:20'),
	(94,'8e2b4620',35,47,'yugo','2018-02-24 07:15:55','2018-04-10 04:03:26'),
	(95,'8e2b6d30',35,50,'yugo','2018-02-24 07:15:55','2018-04-10 04:25:50'),
	(96,'8e2af801',35,NULL,NULL,'2018-02-24 07:15:55','2018-02-24 07:15:55'),
	(97,'f6243f70',36,NULL,NULL,'2018-02-24 07:18:50','2018-02-24 07:18:50'),
	(98,'f6246680',36,NULL,NULL,'2018-02-24 07:18:50','2018-02-24 07:18:50'),
	(99,'f6248d90',36,NULL,NULL,'2018-02-24 07:18:50','2018-02-24 07:18:50'),
	(100,'f624dbb0',36,52,'yugo','2018-02-24 07:18:50','2018-04-10 04:26:56'),
	(101,'f624b4a0',36,NULL,NULL,'2018-02-24 07:18:50','2018-02-24 07:18:50'),
	(102,'56239880',37,NULL,NULL,'2018-02-24 07:21:31','2018-02-24 07:21:31'),
	(103,'5623e6a0',37,NULL,NULL,'2018-02-24 07:21:31','2018-02-24 07:21:31'),
	(104,'56240db0',37,NULL,NULL,'2018-02-24 07:21:31','2018-02-24 07:21:31'),
	(105,'56240db1',37,NULL,NULL,'2018-02-24 07:21:31','2018-02-24 07:21:31'),
	(106,'56240db2',37,NULL,NULL,'2018-02-24 07:21:31','2018-02-24 07:21:31'),
	(107,'a0ed68a0',38,NULL,NULL,'2018-02-24 07:23:36','2018-02-24 07:23:36'),
	(108,'a0ed8fb0',38,NULL,NULL,'2018-02-24 07:23:36','2018-02-24 07:23:36'),
	(109,'a0edddd1',38,NULL,NULL,'2018-02-24 07:23:36','2018-02-24 07:23:36'),
	(110,'a0ee04e0',38,NULL,NULL,'2018-02-24 07:23:36','2018-02-24 07:23:36'),
	(111,'a0edddd0',38,NULL,NULL,'2018-02-24 07:23:36','2018-02-24 07:23:36'),
	(112,'db399290',39,NULL,NULL,'2018-02-24 07:25:14','2018-02-24 07:25:14'),
	(113,'db39e0b0',39,NULL,NULL,'2018-02-24 07:25:14','2018-02-24 07:25:14'),
	(114,'db39e0b1',39,NULL,NULL,'2018-02-24 07:25:14','2018-02-24 07:25:14'),
	(115,'db3a07c0',39,NULL,NULL,'2018-02-24 07:25:14','2018-02-24 07:25:14'),
	(116,'db3a07c1',39,NULL,NULL,'2018-02-24 07:25:14','2018-02-24 07:25:14'),
	(117,'3587dbd0',40,NULL,NULL,'2018-02-24 07:27:46','2018-02-24 07:27:46'),
	(118,'3587dbd1',40,NULL,NULL,'2018-02-24 07:27:46','2018-02-24 07:27:46'),
	(119,'358802e0',40,NULL,NULL,'2018-02-24 07:27:46','2018-02-24 07:27:46'),
	(120,'358829f0',40,NULL,NULL,'2018-02-24 07:27:46','2018-02-24 07:27:46'),
	(121,'358802e1',40,NULL,NULL,'2018-02-24 07:27:46','2018-02-24 07:27:46'),
	(122,'6db40bf0',41,NULL,NULL,'2018-02-24 07:29:20','2018-02-24 07:29:20'),
	(123,'6db43300',41,NULL,NULL,'2018-02-24 07:29:20','2018-02-24 07:29:20'),
	(124,'6db43301',41,NULL,NULL,'2018-02-24 07:29:20','2018-02-24 07:29:20'),
	(125,'6db43303',41,NULL,NULL,'2018-02-24 07:29:20','2018-02-24 07:29:20'),
	(127,'ca687fc0',42,NULL,NULL,'2018-02-24 07:31:55','2018-02-24 07:31:55'),
	(128,'ca68a6d0',42,NULL,NULL,'2018-02-24 07:31:55','2018-02-24 07:31:55'),
	(129,'ca68a6d1',42,NULL,NULL,'2018-02-24 07:31:55','2018-02-24 07:31:55'),
	(130,'ca68a6d3',42,NULL,NULL,'2018-02-24 07:31:55','2018-02-24 07:31:55'),
	(131,'ca68a6d2',42,NULL,NULL,'2018-02-24 07:31:55','2018-02-24 07:31:55'),
	(132,'69b6ecb0',43,NULL,NULL,'2018-02-24 08:47:58','2018-02-24 08:47:58'),
	(133,'69b713c0',43,NULL,NULL,'2018-02-24 08:47:58','2018-02-24 08:47:58'),
	(134,'69b73ad0',43,NULL,NULL,'2018-02-24 08:47:58','2018-02-24 08:47:58'),
	(135,'69b713c1',43,NULL,NULL,'2018-02-24 08:47:58','2018-02-24 08:47:58'),
	(136,'69b73ad1',43,NULL,NULL,'2018-02-24 08:47:58','2018-02-24 08:47:58'),
	(137,'50b12920',45,NULL,NULL,'2018-03-01 09:45:45','2018-03-01 09:45:45'),
	(138,'50b12921',45,NULL,NULL,'2018-03-01 09:45:45','2018-03-01 09:45:45'),
	(139,'50b15030',45,NULL,NULL,'2018-03-01 09:45:45','2018-03-01 09:45:45'),
	(140,'50b10210',45,NULL,NULL,'2018-03-01 09:45:45','2018-03-01 09:45:45'),
	(141,'50b15031',45,NULL,NULL,'2018-03-01 09:45:45','2018-03-01 09:45:45'),
	(142,'1ea23560',47,NULL,NULL,'2018-04-10 04:03:26','2018-04-10 04:03:26'),
	(143,'1ea25c70',47,NULL,NULL,'2018-04-10 04:03:26','2018-04-10 04:03:26'),
	(144,'1ea28380',47,NULL,NULL,'2018-04-10 04:03:26','2018-04-10 04:03:26'),
	(145,'1ea2aa90',47,NULL,NULL,'2018-04-10 04:03:26','2018-04-10 04:03:26'),
	(146,'1ea2aa91',47,NULL,NULL,'2018-04-10 04:03:26','2018-04-10 04:03:26'),
	(147,'4026cea0',50,NULL,NULL,'2018-04-10 04:25:50','2018-04-10 04:25:50'),
	(148,'4026cea1',50,NULL,NULL,'2018-04-10 04:25:50','2018-04-10 04:25:50'),
	(149,'4026f5b0',50,NULL,NULL,'2018-04-10 04:25:50','2018-04-10 04:25:50'),
	(150,'4027b900',50,NULL,NULL,'2018-04-10 04:25:50','2018-04-10 04:25:50'),
	(151,'4027e010',50,NULL,NULL,'2018-04-10 04:25:50','2018-04-10 04:25:50'),
	(152,'6730db30',52,NULL,NULL,'2018-04-10 04:26:56','2018-04-10 04:26:56'),
	(153,'67310240',52,NULL,NULL,'2018-04-10 04:26:56','2018-04-10 04:26:56'),
	(154,'67315060',52,NULL,NULL,'2018-04-10 04:26:56','2018-04-10 04:26:56'),
	(155,'67319e80',52,1,'some','2018-04-10 04:26:56','2018-04-10 04:26:56'),
	(156,'67317770',52,NULL,NULL,'2018-04-10 04:26:56','2018-04-10 04:26:56');

/*!40000 ALTER TABLE `Invitations` ENABLE KEYS */;
UNLOCK TABLES;


# Dump of table Orders
# ------------------------------------------------------------

DROP TABLE IF EXISTS `Orders`;

CREATE TABLE `Orders` (
  `id` int(11) NOT NULL AUTO_INCREMENT,
  `order_id` varchar(48) DEFAULT NULL,
  `user_id` int(11) DEFAULT NULL,
  `price` float DEFAULT NULL,
  `state` tinyint(4) DEFAULT NULL,
  `created_at` datetime NOT NULL,
  `updated_at` datetime NOT NULL,
  `team_id` int(11) DEFAULT NULL,
  PRIMARY KEY (`id`)
) ENGINE=InnoDB DEFAULT CHARSET=utf8;

LOCK TABLES `Orders` WRITE;
/*!40000 ALTER TABLE `Orders` DISABLE KEYS */;

INSERT INTO `Orders` (`id`, `order_id`, `user_id`, `price`, `state`, `created_at`, `updated_at`, `team_id`)
VALUES
	(1,'32512630-1de7-11e8-bb9f-81739d0663ca',NULL,100,0,'2018-03-02 06:59:05','2018-03-02 06:59:05',NULL),
	(2,'c67ef4e0-1de7-11e8-85a2-311bef2b2ee0',NULL,100,0,'2018-03-02 07:03:13','2018-03-02 07:03:13',NULL),
	(3,'ca367ea0-1de7-11e8-85a2-311bef2b2ee0',NULL,100,0,'2018-03-02 07:03:20','2018-03-02 07:03:20',NULL),
	(4,'cb306f00-1de7-11e8-85a2-311bef2b2ee0',NULL,100,0,'2018-03-02 07:03:21','2018-03-02 07:03:21',NULL),
	(5,'e0a32800-1de7-11e8-ae9b-9bb89dcd0848',NULL,100,0,'2018-03-02 07:03:57','2018-03-02 07:03:57',NULL),
	(6,'e0ec3ef0-1de7-11e8-ae9b-9bb89dcd0848',NULL,100,0,'2018-03-02 07:03:58','2018-03-02 07:03:58',NULL),
	(7,'09832d10-1de8-11e8-ae9b-9bb89dcd0848',NULL,100,0,'2018-03-02 07:05:06','2018-03-02 07:05:06',NULL),
	(8,'0fcbc1f0-1de8-11e8-8025-bdbfef29b70c',NULL,100,0,'2018-03-02 07:05:16','2018-03-02 07:05:16',NULL),
	(9,'347cc350-1de8-11e8-8f4a-9102ca796461',NULL,100,0,'2018-03-02 07:06:18','2018-03-02 07:06:18',NULL),
	(10,'71292460-1de8-11e8-abc0-8170cd98df07',NULL,100,0,'2018-03-02 07:08:00','2018-03-02 07:08:00',NULL),
	(11,'7f2a8a80-1de9-11e8-a7a7-6fb77a219931',NULL,100,0,'2018-03-02 07:15:33','2018-03-02 07:15:33',NULL),
	(12,'308fbfc0-1dea-11e8-baa3-a1456d7e48bc',NULL,10,0,'2018-03-02 07:20:30','2018-03-02 07:20:30',NULL),
	(13,'d1e9e6c0-1dea-11e8-86fa-ab3ccd729d9a',NULL,10,1,'2018-03-02 07:25:01','2018-03-02 07:25:51',NULL),
	(14,'c7b8c5b0-1ded-11e8-86fa-ab3ccd729d9a',NULL,10,0,'2018-03-02 07:46:13','2018-03-02 07:46:13',NULL),
	(15,'ccc99de0-1ded-11e8-86fa-ab3ccd729d9a',NULL,10,1,'2018-03-02 07:46:21','2018-03-02 07:49:49',NULL),
	(16,'85f50750-1dee-11e8-812f-8dbdd06937b9',NULL,10,0,'2018-03-02 07:51:32','2018-03-02 07:51:32',NULL),
	(17,'ac8257e0-1df0-11e8-ba93-03072e5ff797',52,10,1,'2018-03-02 08:06:55','2018-03-02 08:07:40',NULL),
	(18,'850378f0-3e3b-11e8-ae09-e5d6d3df88f9',NULL,10,0,'2018-04-12 10:23:19','2018-04-12 10:23:19',NULL),
	(19,'14eb83d0-45e0-11e8-a363-b7e268c519a4',NULL,100,0,'2018-04-22 03:48:56','2018-04-22 03:48:56',NULL),
	(20,'27a1dbf0-45e0-11e8-a363-b7e268c519a4',NULL,100,0,'2018-04-22 03:49:27','2018-04-22 03:49:27',NULL),
	(21,'2c7ed2e0-45e0-11e8-a363-b7e268c519a4',NULL,100,0,'2018-04-22 03:49:35','2018-04-22 03:49:35',NULL),
	(22,'2fce4c00-45e0-11e8-a363-b7e268c519a4',NULL,100,0,'2018-04-22 03:49:41','2018-04-22 03:49:41',NULL),
	(23,'32ffdce0-45e0-11e8-a363-b7e268c519a4',NULL,100,0,'2018-04-22 03:49:46','2018-04-22 03:49:46',NULL),
	(24,'60016630-45e2-11e8-9a81-49fac7371424',NULL,100,0,'2018-04-22 04:05:21','2018-04-22 04:05:21',NULL),
	(25,'6347dea0-45e2-11e8-9a81-49fac7371424',NULL,100,0,'2018-04-22 04:05:26','2018-04-22 04:05:26',NULL),
	(26,'6dbf2910-45e2-11e8-9a81-49fac7371424',NULL,100,0,'2018-04-22 04:05:44','2018-04-22 04:05:44',NULL);

/*!40000 ALTER TABLE `Orders` ENABLE KEYS */;
UNLOCK TABLES;


# Dump of table Permisstions
# ------------------------------------------------------------

DROP TABLE IF EXISTS `Permisstions`;

CREATE TABLE `Permisstions` (
  `id` int(11) NOT NULL AUTO_INCREMENT,
  `name` varchar(255) DEFAULT NULL,
  `meta` text,
  PRIMARY KEY (`id`)
) ENGINE=InnoDB DEFAULT CHARSET=utf8;

LOCK TABLES `Permisstions` WRITE;
/*!40000 ALTER TABLE `Permisstions` DISABLE KEYS */;

INSERT INTO `Permisstions` (`id`, `name`, `meta`)
VALUES
	(1,'add_member',NULL);

/*!40000 ALTER TABLE `Permisstions` ENABLE KEYS */;
UNLOCK TABLES;


# Dump of table PostComments
# ------------------------------------------------------------

DROP TABLE IF EXISTS `PostComments`;

CREATE TABLE `PostComments` (
  `id` int(11) NOT NULL AUTO_INCREMENT,
  `post_id` int(11) DEFAULT NULL,
  `content` varchar(255) DEFAULT NULL,
  `parent_id` int(11) DEFAULT NULL,
  `user_id` int(11) DEFAULT NULL,
  `created_at` datetime NOT NULL,
  `updated_at` datetime NOT NULL,
  PRIMARY KEY (`id`)
) ENGINE=InnoDB DEFAULT CHARSET=utf8;



# Dump of table Posts
# ------------------------------------------------------------

DROP TABLE IF EXISTS `Posts`;

CREATE TABLE `Posts` (
  `id` int(11) NOT NULL AUTO_INCREMENT,
  `title` varchar(40) DEFAULT NULL,
  `description` varchar(255) DEFAULT NULL,
  `content` text,
  `view` int(11) DEFAULT NULL,
  `category_id` int(11) DEFAULT NULL,
  `user_id` int(11) DEFAULT NULL,
  `created_at` datetime NOT NULL,
  `updated_at` datetime NOT NULL,
  PRIMARY KEY (`id`)
) ENGINE=InnoDB DEFAULT CHARSET=utf8;



# Dump of table refreshes
# ------------------------------------------------------------

DROP TABLE IF EXISTS `refreshes`;

CREATE TABLE `refreshes` (
  `id` int(11) NOT NULL AUTO_INCREMENT,
  `token` varchar(255) DEFAULT NULL,
  `token_expires_at` datetime DEFAULT NULL,
  `scope` varchar(255) DEFAULT NULL,
  `client_id` int(11) DEFAULT NULL,
  `user_id` int(11) DEFAULT NULL,
  `createdAt` datetime NOT NULL,
  `updatedAt` datetime NOT NULL,
  PRIMARY KEY (`id`)
) ENGINE=InnoDB DEFAULT CHARSET=utf8;

LOCK TABLES `refreshes` WRITE;
/*!40000 ALTER TABLE `refreshes` DISABLE KEYS */;

INSERT INTO `refreshes` (`id`, `token`, `token_expires_at`, `scope`, `client_id`, `user_id`, `createdAt`, `updatedAt`)
VALUES
	(1,'c2c9bae139108f20dd972035bf88e28437c042df','2018-03-15 10:18:38','r_user',1,43,'2018-03-01 10:18:38','2018-03-01 10:18:38'),
	(2,'a4f422118b405db2edf8f73f553ba5703d5a2e4b','2018-03-15 10:22:42','r_user',1,43,'2018-03-01 10:22:42','2018-03-01 10:22:42'),
	(3,'e59cac3bbfc3fa10675a152e37ed30c334bf0149','2018-03-15 10:23:39','r_user',1,43,'2018-03-01 10:23:39','2018-03-01 10:23:39'),
	(4,'2a72ba1685094d44afb7a26f4ddf2b090338a88b','2018-03-15 10:31:33','r_user',1,43,'2018-03-01 10:31:33','2018-03-01 10:31:33'),
	(5,'67624a1d65d4e54eb5f6bf658cbbb338c2d7434a','2018-03-16 03:07:36','r_user',1,43,'2018-03-02 03:07:36','2018-03-02 03:07:36'),
	(6,'b7161c9f2542c16b92db403af991f4719595eeba','2018-03-16 03:09:10','r_user',1,43,'2018-03-02 03:09:10','2018-03-02 03:09:10'),
	(7,'35a3c6794b16df71f9887a0051fab0ad62822295','2018-03-16 03:10:09','r_user',1,43,'2018-03-02 03:10:09','2018-03-02 03:10:09'),
	(8,'6202fb157d5e2476a5da0bbb0592b47286ab4b85','2018-03-16 03:10:30','r_user',1,43,'2018-03-02 03:10:30','2018-03-02 03:10:30'),
	(9,'415d0bd7cec703fab17a4b4fd2cefed7f7e9e5fb','2018-03-16 03:11:04','r_user',1,43,'2018-03-02 03:11:04','2018-03-02 03:11:04'),
	(10,'27f40871129543778d285642687205b507d56fe9','2018-03-16 03:11:36','r_user',1,43,'2018-03-02 03:11:36','2018-03-02 03:11:36'),
	(11,'bdc43097a80da1ed8a8fe4253d1fc4be7470616b','2018-03-16 03:11:50','r_user',1,43,'2018-03-02 03:11:50','2018-03-02 03:11:50'),
	(12,'bad626b7789170447590564c3d1d88e18cef9a56','2018-03-16 03:20:52','r_user',1,43,'2018-03-02 03:20:52','2018-03-02 03:20:52'),
	(13,'cb9f26e4acd22339a81474f11f64560381cd35c4','2018-03-16 03:21:05','r_user',1,43,'2018-03-02 03:21:05','2018-03-02 03:21:05'),
	(14,'1290e6ce02113ddb00baa3609f88d76ab6d51cba','2018-03-16 03:21:09','r_user',1,43,'2018-03-02 03:21:09','2018-03-02 03:21:09'),
	(15,'9681f52e9934a49047d9d79fef0fd43b100a3d39','2018-03-16 03:23:22','r_user',1,43,'2018-03-02 03:23:22','2018-03-02 03:23:22'),
	(16,'751bd49219b15d1e84d25b259e7e471327167364','2018-03-16 03:23:24','r_user',1,43,'2018-03-02 03:23:24','2018-03-02 03:23:24'),
	(17,'e5c412c87310afa776b98b154750fba4aa9d2839','2018-03-16 03:23:33','r_user',1,43,'2018-03-02 03:23:33','2018-03-02 03:23:33'),
	(18,'669b0120642a1207f86c05aedcbe25a9e98334b3','2018-03-16 03:25:33','r_user',1,43,'2018-03-02 03:25:33','2018-03-02 03:25:33'),
	(19,'41660b7fdd6f6ef1a9e243bf7f91f52bd00d0775','2018-03-16 03:32:11','r_user',1,43,'2018-03-02 03:32:11','2018-03-02 03:32:11'),
	(20,'ae45d0e8820a9b78c9b046a91c609594df0917c7','2018-03-16 03:33:03','r_user',1,43,'2018-03-02 03:33:03','2018-03-02 03:33:03'),
	(21,'bb1f3b74d09a21a3f4a40bcabf444d0fd43a9a1e','2018-03-16 04:01:08','r_user',1,43,'2018-03-02 04:01:08','2018-03-02 04:01:08');

/*!40000 ALTER TABLE `refreshes` ENABLE KEYS */;
UNLOCK TABLES;


# Dump of table RolePermissions
# ------------------------------------------------------------

DROP TABLE IF EXISTS `RolePermissions`;

CREATE TABLE `RolePermissions` (
  `id` int(11) NOT NULL AUTO_INCREMENT,
  `role_id` int(11) DEFAULT NULL,
  `permisstion_id` int(11) DEFAULT NULL,
  PRIMARY KEY (`id`)
) ENGINE=InnoDB DEFAULT CHARSET=utf8;

LOCK TABLES `RolePermissions` WRITE;
/*!40000 ALTER TABLE `RolePermissions` DISABLE KEYS */;

INSERT INTO `RolePermissions` (`id`, `role_id`, `permisstion_id`)
VALUES
	(1,1,1);

/*!40000 ALTER TABLE `RolePermissions` ENABLE KEYS */;
UNLOCK TABLES;


# Dump of table Roles
# ------------------------------------------------------------

DROP TABLE IF EXISTS `Roles`;

CREATE TABLE `Roles` (
  `id` int(11) NOT NULL AUTO_INCREMENT,
  `name` varchar(255) DEFAULT NULL,
  `meta` text,
  PRIMARY KEY (`id`)
) ENGINE=InnoDB DEFAULT CHARSET=utf8;

LOCK TABLES `Roles` WRITE;
/*!40000 ALTER TABLE `Roles` DISABLE KEYS */;

INSERT INTO `Roles` (`id`, `name`, `meta`)
VALUES
	(1,'team_admin',''),
	(2,'team_member','');

/*!40000 ALTER TABLE `Roles` ENABLE KEYS */;
UNLOCK TABLES;


# Dump of table SequelizeMeta
# ------------------------------------------------------------

DROP TABLE IF EXISTS `SequelizeMeta`;

CREATE TABLE `SequelizeMeta` (
  `name` varchar(255) COLLATE utf8_unicode_ci NOT NULL,
  PRIMARY KEY (`name`),
  UNIQUE KEY `name` (`name`),
  UNIQUE KEY `SequelizeMeta_name_unique` (`name`)
) ENGINE=InnoDB DEFAULT CHARSET=utf8 COLLATE=utf8_unicode_ci;

LOCK TABLES `SequelizeMeta` WRITE;
/*!40000 ALTER TABLE `SequelizeMeta` DISABLE KEYS */;

INSERT INTO `SequelizeMeta` (`name`)
VALUES
	('20180205101006-create-user.js'),
	('20180206052614-create-invitation.js'),
	('20180206053034-create-image.js'),
	('20180206053041-create-image-comment.js'),
	('20180206053046-create-post.js'),
	('20180206053051-create-post-comment.js'),
	('20180206053056-create-category.js'),
	('20180206053100-create-tag.js'),
	('20180206053106-create-tag-info.js'),
	('20180206053111-create-fm.js'),
	('20180206053117-create-team.js'),
	('20180206053124-create-team-status.js'),
	('20180206053136-create-order.js'),
	('20180301041230-create-client.js'),
	('20180301042017-create-authorization.js'),
	('20180301054400-create-access.coffee'),
	('20180301054400-create-access.js'),
	('20180301055252-create-refresh.coffee'),
	('20180301055252-create-refresh.js'),
	('20180302082321-create-auth.js'),
	('20180419104339-team_add_lock_field.js'),
	('20180419105339-create-role.js'),
	('20180419105408-create-permisstion.js'),
	('20180419105659-create-user-role.js'),
	('20180419105713-create-role-permission.js'),
	('20180419121918-order_add_team_id_field.js');

/*!40000 ALTER TABLE `SequelizeMeta` ENABLE KEYS */;
UNLOCK TABLES;


# Dump of table TagInfos
# ------------------------------------------------------------

DROP TABLE IF EXISTS `TagInfos`;

CREATE TABLE `TagInfos` (
  `id` int(11) NOT NULL AUTO_INCREMENT,
  `tag_id` int(11) DEFAULT NULL,
  `info_id` int(11) DEFAULT NULL,
  `type` varchar(10) DEFAULT NULL,
  `created_at` datetime NOT NULL,
  `updated_at` datetime NOT NULL,
  PRIMARY KEY (`id`)
) ENGINE=InnoDB DEFAULT CHARSET=utf8;



# Dump of table Tags
# ------------------------------------------------------------

DROP TABLE IF EXISTS `Tags`;

CREATE TABLE `Tags` (
  `id` int(11) NOT NULL AUTO_INCREMENT,
  `name` varchar(20) DEFAULT NULL,
  `created_at` datetime NOT NULL,
  `updated_at` datetime NOT NULL,
  PRIMARY KEY (`id`)
) ENGINE=InnoDB DEFAULT CHARSET=utf8;

LOCK TABLES `Tags` WRITE;
/*!40000 ALTER TABLE `Tags` DISABLE KEYS */;

INSERT INTO `Tags` (`id`, `name`, `created_at`, `updated_at`)
VALUES
	(2,'3333','2018-03-19 00:00:00','2018-03-19 06:35:10');

/*!40000 ALTER TABLE `Tags` ENABLE KEYS */;
UNLOCK TABLES;


# Dump of table Teams
# ------------------------------------------------------------

DROP TABLE IF EXISTS `Teams`;

CREATE TABLE `Teams` (
  `id` int(11) NOT NULL AUTO_INCREMENT,
  `name` varchar(40) DEFAULT NULL,
  `profile` varchar(255) DEFAULT NULL,
  `creater_id` int(11) DEFAULT NULL,
  `avatar` varchar(20) DEFAULT NULL,
  `created_at` datetime NOT NULL,
  `updated_at` datetime NOT NULL,
  `lock` tinyint(1) DEFAULT '0',
  PRIMARY KEY (`id`)
) ENGINE=InnoDB DEFAULT CHARSET=utf8;

LOCK TABLES `Teams` WRITE;
/*!40000 ALTER TABLE `Teams` DISABLE KEYS */;

INSERT INTO `Teams` (`id`, `name`, `profile`, `creater_id`, `avatar`, `created_at`, `updated_at`, `lock`)
VALUES
	(1,'Working','HelloWorld',1,NULL,'2018-04-20 16:47:46','2018-04-22 06:39:08',0),
	(7,'123','123',52,NULL,'2018-04-22 06:34:48','2018-04-22 06:34:48',0);

/*!40000 ALTER TABLE `Teams` ENABLE KEYS */;
UNLOCK TABLES;


# Dump of table TeamStatuses
# ------------------------------------------------------------

DROP TABLE IF EXISTS `TeamStatuses`;

CREATE TABLE `TeamStatuses` (
  `id` int(11) NOT NULL AUTO_INCREMENT,
  `type` varchar(20) DEFAULT NULL,
  `user_id` int(11) DEFAULT NULL,
  `team_id` int(11) DEFAULT NULL,
  `type_link` varchar(20) DEFAULT NULL,
  `title` varchar(40) DEFAULT NULL,
  `image_url` varchar(255) DEFAULT NULL,
  `created_at` datetime NOT NULL,
  `updated_at` datetime NOT NULL,
  PRIMARY KEY (`id`)
) ENGINE=InnoDB DEFAULT CHARSET=utf8;

LOCK TABLES `TeamStatuses` WRITE;
/*!40000 ALTER TABLE `TeamStatuses` DISABLE KEYS */;

INSERT INTO `TeamStatuses` (`id`, `type`, `user_id`, `team_id`, `type_link`, `title`, `image_url`, `created_at`, `updated_at`)
VALUES
	(1,'article',1,1,'1','《how to sketch》',NULL,'2018-04-20 16:51:32','2018-04-20 16:51:35'),
	(2,'image',1,1,'1','《how to sketch》','http://via.placeholder.com/350x150','2018-04-20 16:51:32','2018-04-20 16:51:35');

/*!40000 ALTER TABLE `TeamStatuses` ENABLE KEYS */;
UNLOCK TABLES;


# Dump of table UserRoles
# ------------------------------------------------------------

DROP TABLE IF EXISTS `UserRoles`;

CREATE TABLE `UserRoles` (
  `id` int(11) NOT NULL AUTO_INCREMENT,
  `user_id` int(11) NOT NULL,
  `role_id` int(11) NOT NULL,
  PRIMARY KEY (`id`)
) ENGINE=InnoDB DEFAULT CHARSET=utf8;

LOCK TABLES `UserRoles` WRITE;
/*!40000 ALTER TABLE `UserRoles` DISABLE KEYS */;

INSERT INTO `UserRoles` (`id`, `user_id`, `role_id`)
VALUES
	(1,52,1),
	(2,1,1),
	(3,43,2),
	(4,46,2),
	(5,52,1),
	(6,52,1),
	(7,52,1),
	(8,52,1),
	(9,52,1);

/*!40000 ALTER TABLE `UserRoles` ENABLE KEYS */;
UNLOCK TABLES;


# Dump of table Users
# ------------------------------------------------------------

DROP TABLE IF EXISTS `Users`;

CREATE TABLE `Users` (
  `id` int(11) NOT NULL AUTO_INCREMENT,
  `email` varchar(40) DEFAULT NULL,
  `password` varchar(255) DEFAULT NULL,
  `username` varchar(40) DEFAULT NULL,
  `weibo` varchar(40) DEFAULT NULL,
  `weixin` varchar(40) DEFAULT NULL,
  `team_id` int(11) DEFAULT NULL,
  `receive_remote` tinyint(1) DEFAULT NULL,
  `email_verifyed` tinyint(1) DEFAULT NULL,
  `avatar` varchar(255) DEFAULT NULL,
  `created_at` datetime NOT NULL,
  `updated_at` datetime NOT NULL,
  `desc` varchar(255) DEFAULT NULL,
  PRIMARY KEY (`id`),
  UNIQUE KEY `email` (`email`)
) ENGINE=InnoDB DEFAULT CHARSET=utf8;

LOCK TABLES `Users` WRITE;
/*!40000 ALTER TABLE `Users` DISABLE KEYS */;

INSERT INTO `Users` (`id`, `email`, `password`, `username`, `weibo`, `weixin`, `team_id`, `receive_remote`, `email_verifyed`, `avatar`, `created_at`, `updated_at`, `desc`)
VALUES
	(1,'belovedyogurt@gmail.com','670b14728ad9902aecba32e22fa4f6bd','Bob','xxxx','xxxx',1,0,1,'https://cdn.dribbble.com/users/31752/avatars/small/312157471aa9ba31c98655135988e440.png?1441221178','2018-02-09 05:50:50','2018-02-09 05:50:50','来自喵星球的一直泰哥。'),
	(43,'xxx@qq.com','$2a$10$26F.cd3ZV6p2Bm/FCbb4c..KkEd0zsleDiP4PwIFSSqCm62G.vtg2','Andy',NULL,NULL,7,0,0,'https://cdn.dribbble.com/users/31752/avatars/small/312157471aa9ba31c98655135988e440.png?1441221178','2018-03-01 09:45:45','2018-04-22 06:35:55',NULL),
	(46,NULL,NULL,'Koli',NULL,NULL,1,0,0,'https://cdn.dribbble.com/users/31752/avatars/small/312157471aa9ba31c98655135988e440.png?1441221178','2018-03-02 09:11:22','2018-03-02 09:11:22',NULL),
	(52,'1733996866@qq.com','$2a$10$k4e486QzgG7ySKnJOS0eOufSPRgWXgn8B1zM5UFJ2UvZZ6as47376','yugo','xxxx','xxxx',7,1,1,'https://cdn.dribbble.com/users/31752/avatars/small/312157471aa9ba31c98655135988e440.png?1441221178','2018-04-10 04:26:56','2018-04-22 06:34:48','来自喵星球的一直泰哥。');

/*!40000 ALTER TABLE `Users` ENABLE KEYS */;
UNLOCK TABLES;



/*!40111 SET SQL_NOTES=@OLD_SQL_NOTES */;
/*!40101 SET SQL_MODE=@OLD_SQL_MODE */;
/*!40014 SET FOREIGN_KEY_CHECKS=@OLD_FOREIGN_KEY_CHECKS */;
/*!40101 SET CHARACTER_SET_CLIENT=@OLD_CHARACTER_SET_CLIENT */;
/*!40101 SET CHARACTER_SET_RESULTS=@OLD_CHARACTER_SET_RESULTS */;
/*!40101 SET COLLATION_CONNECTION=@OLD_COLLATION_CONNECTION */;
